-- Clients
INSERT INTO clients (id,login_name,first_name,last_name,last_login) VALUES (1,'jsmith','John','Smith', '2010-07-03');
INSERT INTO clients (id,login_name,first_name,last_name,last_login) VALUES (2,'ssmith','Susan','Smith', '2010-07-20');
INSERT INTO clients (id,login_name,first_name,last_name,last_login) VALUES (3,'bsmythe','Brandon','Smythe', '2010-07-21');
INSERT INTO clients (id,login_name,first_name,last_name,last_login) VALUES (4,'jangel','Jill','Angel', '2010-07-19');
INSERT INTO clients (id,login_name,first_name,last_name,last_login) VALUES (5,'lstewart','Larry','Stewart', '2010-06-05');
INSERT INTO clients (id,login_name,first_name,last_name,last_login) VALUES (6,'lgrissom','Larry','Grissom', '2010-07-21');
INSERT INTO clients (id,login_name,first_name,last_name,last_login) VALUES (7,'jcogsley','John','Cogsley', '2010-07-19');
INSERT INTO clients (id,login_name,first_name,last_name,last_login) VALUES (8,'klavendar','Kim','Lavendar', '2010-07-20');
INSERT INTO clients (id,login_name,first_name,last_name,last_login) VALUES (9,'lknuckles','Lavern','Knuckles', '2010-07-16');
INSERT INTO clients (id,login_name,first_name,last_name,last_login) VALUES (10,'rbluegill','Robert','Bluegill', '2010-07-18');

-- Products
INSERT INTO products(id,product_name,description,price,added) VALUES(1,'Standard Widget','Our legendary standard widget',24.95, '2010-07-01');
INSERT INTO products(id,product_name,description,price,added) VALUES(2,'Fancy Widget','A super fancy version of our standard widget',55.95, '2010-07-01');
INSERT INTO products(id,product_name,description,price,added) VALUES(3,'Budget Widget','The discount version our standard widget',15.95, '2010-07-01');
INSERT INTO products(id,product_name,description,price,added) VALUES(4,'Gold Widget','The gold-plated version of our standard widget',95.95, '2010-07-01');

-- Orders
INSERT INTO orders(id,product_id,client_id,order_date) VALUES(1,3,2,'2010-07-15');
INSERT INTO orders(id,product_id,client_id,order_date) VALUES(2,2,8,'2010-07-01');
INSERT INTO orders(id,product_id,client_id,order_date) VALUES(3,2,5,'2010-07-08');
INSERT INTO orders(id,product_id,client_id,order_date) VALUES(4,2,3,'2010-07-03');
INSERT INTO orders(id,product_id,client_id,order_date) VALUES(5,3,9,'2010-07-15');
INSERT INTO orders(id,product_id,client_id,order_date) VALUES(6,4,6,'2010-07-10');
INSERT INTO orders(id,product_id,client_id,order_date) VALUES(7,4,4,'2010-07-01');
INSERT INTO orders(id,product_id,client_id,order_date) VALUES(8,1,2,'2010-07-08');
INSERT INTO orders(id,product_id,client_id,order_date) VALUES(9,1,3,'2010-07-20');
INSERT INTO orders(id,product_id,client_id,order_date) VALUES(10,4,7,'2010-07-05');
INSERT INTO orders(id,product_id,client_id,order_date) VALUES(11,3,9,'2010-07-19');
INSERT INTO orders(id,product_id,client_id,order_date) VALUES(12,1,2,'2010-07-10');
INSERT INTO orders(id,product_id,client_id,order_date) VALUES(13,2,3,'2010-07-03');
INSERT INTO orders(id,product_id,client_id,order_date) VALUES(14,4,2,'2010-07-16');
INSERT INTO orders(id,product_id,client_id,order_date) VALUES(15,4,8,'2010-07-14');
INSERT INTO orders(id,product_id,client_id,order_date) VALUES(16,4,3,'2010-07-04');
INSERT INTO orders(id,product_id,client_id,order_date) VALUES(17,4,3,'2010-07-06');
INSERT INTO orders(id,product_id,client_id,order_date) VALUES(18,2,6,'2010-07-08');
INSERT INTO orders(id,product_id,client_id,order_date) VALUES(19,3,1,'2010-07-16');
INSERT INTO orders(id,product_id,client_id,order_date) VALUES(20,4,8,'2010-07-14');
INSERT INTO orders(id,product_id,client_id,order_date) VALUES(21,1,10,'2010-07-06');
INSERT INTO orders(id,product_id,client_id,order_date) VALUES(22,1,2,'2010-07-09');
INSERT INTO orders(id,product_id,client_id,order_date) VALUES(23,1,6,'2010-07-18');
INSERT INTO orders(id,product_id,client_id,order_date) VALUES(24,1,6,'2010-07-07');
INSERT INTO orders(id,product_id,client_id,order_date) VALUES(25,3,1,'2010-07-10');
INSERT INTO orders(id,product_id,client_id,order_date) VALUES(26,1,4,'2010-07-10');
INSERT INTO orders(id,product_id,client_id,order_date) VALUES(27,2,5,'2010-07-18');
INSERT INTO orders(id,product_id,client_id,order_date) VALUES(28,3,7,'2010-07-15');
INSERT INTO orders(id,product_id,client_id,order_date) VALUES(29,4,4,'2010-07-06');
INSERT INTO orders(id,product_id,client_id,order_date) VALUES(30,3,6,'2010-07-06');
INSERT INTO orders(id,product_id,client_id,order_date) VALUES(31,3,7,'2010-07-07');
INSERT INTO orders(id,product_id,client_id,order_date) VALUES(32,1,4,'2010-07-02');
INSERT INTO orders(id,product_id,client_id,order_date) VALUES(33,1,1,'2010-07-14');
INSERT INTO orders(id,product_id,client_id,order_date) VALUES(34,2,4,'2010-07-03');
INSERT INTO orders(id,product_id,client_id,order_date) VALUES(35,1,1,'2010-07-18');
INSERT INTO orders(id,product_id,client_id,order_date) VALUES(36,2,4,'2010-07-19');
INSERT INTO orders(id,product_id,client_id,order_date) VALUES(37,2,6,'2010-07-18');
INSERT INTO orders(id,product_id,client_id,order_date) VALUES(38,3,9,'2010-07-09');
INSERT INTO orders(id,product_id,client_id,order_date) VALUES(39,2,5,'2010-07-18');
INSERT INTO orders(id,product_id,client_id,order_date) VALUES(40,2,9,'2010-07-19');
INSERT INTO orders(id,product_id,client_id,order_date) VALUES(41,3,1,'2010-07-15');
INSERT INTO orders(id,product_id,client_id,order_date) VALUES(42,1,9,'2010-07-01');
INSERT INTO orders(id,product_id,client_id,order_date) VALUES(43,4,2,'2010-07-10');
INSERT INTO orders(id,product_id,client_id,order_date) VALUES(44,3,3,'2010-07-09');
INSERT INTO orders(id,product_id,client_id,order_date) VALUES(45,1,7,'2010-07-20');
INSERT INTO orders(id,product_id,client_id,order_date) VALUES(46,4,10,'2010-07-08');
INSERT INTO orders(id,product_id,client_id,order_date) VALUES(47,2,8,'2010-07-06');
INSERT INTO orders(id,product_id,client_id,order_date) VALUES(48,1,10,'2010-07-03');
INSERT INTO orders(id,product_id,client_id,order_date) VALUES(49,2,10,'2010-07-07');
INSERT INTO orders(id,product_id,client_id,order_date) VALUES(50,2,1,'2010-07-02');
INSERT INTO orders(id,product_id,client_id,order_date) VALUES(51,2,4,'2010-07-01');
INSERT INTO orders(id,product_id,client_id,order_date) VALUES(52,1,4,'2010-07-12');
INSERT INTO orders(id,product_id,client_id,order_date) VALUES(53,3,6,'2010-07-14');
INSERT INTO orders(id,product_id,client_id,order_date) VALUES(54,2,4,'2010-07-07');
INSERT INTO orders(id,product_id,client_id,order_date) VALUES(55,2,9,'2010-07-07');
INSERT INTO orders(id,product_id,client_id,order_date) VALUES(56,4,4,'2010-07-12');
INSERT INTO orders(id,product_id,client_id,order_date) VALUES(57,1,10,'2010-07-02');
INSERT INTO orders(id,product_id,client_id,order_date) VALUES(58,4,8,'2010-07-07');
INSERT INTO orders(id,product_id,client_id,order_date) VALUES(59,1,7,'2010-07-04');
INSERT INTO orders(id,product_id,client_id,order_date) VALUES(60,2,9,'2010-07-02');
INSERT INTO orders(id,product_id,client_id,order_date) VALUES(61,3,8,'2010-07-04');
INSERT INTO orders(id,product_id,client_id,order_date) VALUES(62,1,4,'2010-07-07');
INSERT INTO orders(id,product_id,client_id,order_date) VALUES(63,3,4,'2010-07-11');
INSERT INTO orders(id,product_id,client_id,order_date) VALUES(64,2,10,'2010-07-20');
INSERT INTO orders(id,product_id,client_id,order_date) VALUES(65,2,8,'2010-07-19');
INSERT INTO orders(id,product_id,client_id,order_date) VALUES(66,1,6,'2010-07-09');
INSERT INTO orders(id,product_id,client_id,order_date) VALUES(67,1,9,'2010-07-16');
INSERT INTO orders(id,product_id,client_id,order_date) VALUES(68,2,5,'2010-07-01');
INSERT INTO orders(id,product_id,client_id,order_date) VALUES(69,2,9,'2010-07-02');
INSERT INTO orders(id,product_id,client_id,order_date) VALUES(70,2,7,'2010-07-06');
INSERT INTO orders(id,product_id,client_id,order_date) VALUES(71,3,5,'2010-07-14');
INSERT INTO orders(id,product_id,client_id,order_date) VALUES(72,4,3,'2010-07-17');
INSERT INTO orders(id,product_id,client_id,order_date) VALUES(73,2,4,'2010-07-11');
INSERT INTO orders(id,product_id,client_id,order_date) VALUES(74,2,3,'2010-07-11');
INSERT INTO orders(id,product_id,client_id,order_date) VALUES(75,2,6,'2010-07-01');
INSERT INTO orders(id,product_id,client_id,order_date) VALUES(76,1,1,'2010-07-05');
INSERT INTO orders(id,product_id,client_id,order_date) VALUES(77,4,1,'2010-07-05');
INSERT INTO orders(id,product_id,client_id,order_date) VALUES(78,1,10,'2010-07-01');
INSERT INTO orders(id,product_id,client_id,order_date) VALUES(79,1,3,'2010-07-18');
INSERT INTO orders(id,product_id,client_id,order_date) VALUES(80,2,7,'2010-07-19');
INSERT INTO orders(id,product_id,client_id,order_date) VALUES(81,2,6,'2010-07-19');
INSERT INTO orders(id,product_id,client_id,order_date) VALUES(82,2,2,'2010-07-17');
INSERT INTO orders(id,product_id,client_id,order_date) VALUES(83,4,3,'2010-07-08');
INSERT INTO orders(id,product_id,client_id,order_date) VALUES(84,1,2,'2010-07-20');
INSERT INTO orders(id,product_id,client_id,order_date) VALUES(85,2,9,'2010-07-09');
INSERT INTO orders(id,product_id,client_id,order_date) VALUES(86,1,9,'2010-07-20');
INSERT INTO orders(id,product_id,client_id,order_date) VALUES(87,1,9,'2010-07-06');
INSERT INTO orders(id,product_id,client_id,order_date) VALUES(88,3,3,'2010-07-10');
INSERT INTO orders(id,product_id,client_id,order_date) VALUES(89,3,8,'2010-07-09');
INSERT INTO orders(id,product_id,client_id,order_date) VALUES(90,3,2,'2010-07-09');
INSERT INTO orders(id,product_id,client_id,order_date) VALUES(91,2,1,'2010-07-11');
INSERT INTO orders(id,product_id,client_id,order_date) VALUES(92,2,9,'2010-07-02');
INSERT INTO orders(id,product_id,client_id,order_date) VALUES(93,3,5,'2010-07-07');
INSERT INTO orders(id,product_id,client_id,order_date) VALUES(94,2,8,'2010-07-14');
INSERT INTO orders(id,product_id,client_id,order_date) VALUES(95,3,5,'2010-07-17');
INSERT INTO orders(id,product_id,client_id,order_date) VALUES(96,2,4,'2010-07-18');
INSERT INTO orders(id,product_id,client_id,order_date) VALUES(97,4,5,'2010-07-06');
INSERT INTO orders(id,product_id,client_id,order_date) VALUES(98,1,5,'2010-07-02');
INSERT INTO orders(id,product_id,client_id,order_date) VALUES(99,4,6,'2010-07-19');
INSERT INTO orders(id,product_id,client_id,order_date) VALUES(100,4,7,'2010-07-12');
INSERT INTO orders(id,product_id,client_id,order_date) VALUES(101,4,8,'2010-07-15');
INSERT INTO orders(id,product_id,client_id,order_date) VALUES(102,4,9,'2010-07-15');
INSERT INTO orders(id,product_id,client_id,order_date) VALUES(103,4,4,'2010-07-06');
INSERT INTO orders(id,product_id,client_id,order_date) VALUES(104,3,3,'2010-07-14');
INSERT INTO orders(id,product_id,client_id,order_date) VALUES(105,1,6,'2010-07-16');
INSERT INTO orders(id,product_id,client_id,order_date) VALUES(106,4,2,'2010-07-12');
INSERT INTO orders(id,product_id,client_id,order_date) VALUES(107,2,7,'2010-07-08');
INSERT INTO orders(id,product_id,client_id,order_date) VALUES(108,4,8,'2010-07-18');
INSERT INTO orders(id,product_id,client_id,order_date) VALUES(109,3,5,'2010-07-06');
INSERT INTO orders(id,product_id,client_id,order_date) VALUES(110,1,9,'2010-07-09');
INSERT INTO orders(id,product_id,client_id,order_date) VALUES(111,1,4,'2010-07-12');
INSERT INTO orders(id,product_id,client_id,order_date) VALUES(112,1,9,'2010-07-14');
INSERT INTO orders(id,product_id,client_id,order_date) VALUES(113,1,4,'2010-07-07');
INSERT INTO orders(id,product_id,client_id,order_date) VALUES(114,2,1,'2010-07-03');
INSERT INTO orders(id,product_id,client_id,order_date) VALUES(115,3,4,'2010-07-01');
INSERT INTO orders(id,product_id,client_id,order_date) VALUES(116,4,10,'2010-07-13');
INSERT INTO orders(id,product_id,client_id,order_date) VALUES(117,3,2,'2010-07-12');
INSERT INTO orders(id,product_id,client_id,order_date) VALUES(118,2,8,'2010-07-05');
INSERT INTO orders(id,product_id,client_id,order_date) VALUES(119,3,7,'2010-07-10');
INSERT INTO orders(id,product_id,client_id,order_date) VALUES(120,4,5,'2010-07-17');
INSERT INTO orders(id,product_id,client_id,order_date) VALUES(121,3,7,'2010-07-10');
INSERT INTO orders(id,product_id,client_id,order_date) VALUES(122,2,3,'2010-07-12');
INSERT INTO orders(id,product_id,client_id,order_date) VALUES(123,2,9,'2010-07-15');
INSERT INTO orders(id,product_id,client_id,order_date) VALUES(124,4,1,'2010-07-13');
INSERT INTO orders(id,product_id,client_id,order_date) VALUES(125,4,6,'2010-07-09');
INSERT INTO orders(id,product_id,client_id,order_date) VALUES(126,4,5,'2010-07-11');
INSERT INTO orders(id,product_id,client_id,order_date) VALUES(127,2,9,'2010-07-07');
INSERT INTO orders(id,product_id,client_id,order_date) VALUES(128,4,5,'2010-07-08');
INSERT INTO orders(id,product_id,client_id,order_date) VALUES(129,2,9,'2010-07-10');
INSERT INTO orders(id,product_id,client_id,order_date) VALUES(130,1,7,'2010-07-07');
INSERT INTO orders(id,product_id,client_id,order_date) VALUES(131,2,5,'2010-07-02');
INSERT INTO orders(id,product_id,client_id,order_date) VALUES(132,4,5,'2010-07-05');
INSERT INTO orders(id,product_id,client_id,order_date) VALUES(133,3,2,'2010-07-06');
INSERT INTO orders(id,product_id,client_id,order_date) VALUES(134,4,6,'2010-07-02');
INSERT INTO orders(id,product_id,client_id,order_date) VALUES(135,4,8,'2010-07-18');
INSERT INTO orders(id,product_id,client_id,order_date) VALUES(136,3,8,'2010-07-18');
INSERT INTO orders(id,product_id,client_id,order_date) VALUES(137,2,4,'2010-07-13');
INSERT INTO orders(id,product_id,client_id,order_date) VALUES(138,3,8,'2010-07-20');
INSERT INTO orders(id,product_id,client_id,order_date) VALUES(139,2,10,'2010-07-09');
INSERT INTO orders(id,product_id,client_id,order_date) VALUES(140,4,3,'2010-07-15');
INSERT INTO orders(id,product_id,client_id,order_date) VALUES(141,4,5,'2010-07-03');
INSERT INTO orders(id,product_id,client_id,order_date) VALUES(142,1,9,'2010-07-06');
INSERT INTO orders(id,product_id,client_id,order_date) VALUES(143,3,10,'2010-07-18');
INSERT INTO orders(id,product_id,client_id,order_date) VALUES(144,1,8,'2010-07-18');
INSERT INTO orders(id,product_id,client_id,order_date) VALUES(145,2,7,'2010-07-19');
INSERT INTO orders(id,product_id,client_id,order_date) VALUES(146,3,10,'2010-07-02');
INSERT INTO orders(id,product_id,client_id,order_date) VALUES(147,2,8,'2010-07-13');
INSERT INTO orders(id,product_id,client_id,order_date) VALUES(148,4,2,'2010-07-05');
INSERT INTO orders(id,product_id,client_id,order_date) VALUES(149,4,10,'2010-07-13');
INSERT INTO orders(id,product_id,client_id,order_date) VALUES(150,1,1,'2010-07-01');
INSERT INTO orders(id,product_id,client_id,order_date) VALUES(151,3,2,'2010-07-13');
INSERT INTO orders(id,product_id,client_id,order_date) VALUES(152,2,1,'2010-07-09');
INSERT INTO orders(id,product_id,client_id,order_date) VALUES(153,1,1,'2010-07-18');
INSERT INTO orders(id,product_id,client_id,order_date) VALUES(154,4,2,'2010-07-16');
INSERT INTO orders(id,product_id,client_id,order_date) VALUES(155,2,6,'2010-07-09');
INSERT INTO orders(id,product_id,client_id,order_date) VALUES(156,3,9,'2010-07-15');
INSERT INTO orders(id,product_id,client_id,order_date) VALUES(157,2,9,'2010-07-20');
INSERT INTO orders(id,product_id,client_id,order_date) VALUES(158,3,9,'2010-07-07');
INSERT INTO orders(id,product_id,client_id,order_date) VALUES(159,4,4,'2010-07-07');
INSERT INTO orders(id,product_id,client_id,order_date) VALUES(160,4,2,'2010-07-06');
INSERT INTO orders(id,product_id,client_id,order_date) VALUES(161,3,6,'2010-07-20');
INSERT INTO orders(id,product_id,client_id,order_date) VALUES(162,2,4,'2010-07-03');
INSERT INTO orders(id,product_id,client_id,order_date) VALUES(163,3,4,'2010-07-14');
INSERT INTO orders(id,product_id,client_id,order_date) VALUES(164,1,10,'2010-07-19');
INSERT INTO orders(id,product_id,client_id,order_date) VALUES(165,4,3,'2010-07-06');
INSERT INTO orders(id,product_id,client_id,order_date) VALUES(166,3,2,'2010-07-18');
INSERT INTO orders(id,product_id,client_id,order_date) VALUES(167,4,1,'2010-07-10');
INSERT INTO orders(id,product_id,client_id,order_date) VALUES(168,4,2,'2010-07-13');
INSERT INTO orders(id,product_id,client_id,order_date) VALUES(169,3,2,'2010-07-11');
INSERT INTO orders(id,product_id,client_id,order_date) VALUES(170,4,3,'2010-07-06');
INSERT INTO orders(id,product_id,client_id,order_date) VALUES(171,3,10,'2010-07-15');
INSERT INTO orders(id,product_id,client_id,order_date) VALUES(172,3,5,'2010-07-12');
INSERT INTO orders(id,product_id,client_id,order_date) VALUES(173,3,4,'2010-07-16');
INSERT INTO orders(id,product_id,client_id,order_date) VALUES(174,2,3,'2010-07-04');
INSERT INTO orders(id,product_id,client_id,order_date) VALUES(175,3,3,'2010-07-02');
INSERT INTO orders(id,product_id,client_id,order_date) VALUES(176,2,7,'2010-07-17');
INSERT INTO orders(id,product_id,client_id,order_date) VALUES(177,4,4,'2010-07-02');
INSERT INTO orders(id,product_id,client_id,order_date) VALUES(178,4,7,'2010-07-19');
INSERT INTO orders(id,product_id,client_id,order_date) VALUES(179,3,8,'2010-07-12');
INSERT INTO orders(id,product_id,client_id,order_date) VALUES(180,4,1,'2010-07-04');
INSERT INTO orders(id,product_id,client_id,order_date) VALUES(181,3,7,'2010-07-02');
INSERT INTO orders(id,product_id,client_id,order_date) VALUES(182,2,1,'2010-07-20');
INSERT INTO orders(id,product_id,client_id,order_date) VALUES(183,2,10,'2010-07-13');
INSERT INTO orders(id,product_id,client_id,order_date) VALUES(184,4,6,'2010-07-10');
INSERT INTO orders(id,product_id,client_id,order_date) VALUES(185,4,9,'2010-07-13');
INSERT INTO orders(id,product_id,client_id,order_date) VALUES(186,3,2,'2010-07-12');
INSERT INTO orders(id,product_id,client_id,order_date) VALUES(187,1,2,'2010-07-05');
INSERT INTO orders(id,product_id,client_id,order_date) VALUES(188,4,7,'2010-07-03');
INSERT INTO orders(id,product_id,client_id,order_date) VALUES(189,1,5,'2010-07-18');
INSERT INTO orders(id,product_id,client_id,order_date) VALUES(190,1,1,'2010-07-17');
INSERT INTO orders(id,product_id,client_id,order_date) VALUES(191,4,2,'2010-07-07');
INSERT INTO orders(id,product_id,client_id,order_date) VALUES(192,2,6,'2010-07-20');
INSERT INTO orders(id,product_id,client_id,order_date) VALUES(193,4,5,'2010-07-12');
INSERT INTO orders(id,product_id,client_id,order_date) VALUES(194,2,10,'2010-07-16');
INSERT INTO orders(id,product_id,client_id,order_date) VALUES(195,3,7,'2010-07-14');
INSERT INTO orders(id,product_id,client_id,order_date) VALUES(196,2,9,'2010-07-07');
INSERT INTO orders(id,product_id,client_id,order_date) VALUES(197,3,10,'2010-07-14');
INSERT INTO orders(id,product_id,client_id,order_date) VALUES(198,4,6,'2010-07-07');
INSERT INTO orders(id,product_id,client_id,order_date) VALUES(199,4,1,'2010-07-14');
INSERT INTO orders(id,product_id,client_id,order_date) VALUES(200,4,10,'2010-07-15');
INSERT INTO orders(id,product_id,client_id,order_date) VALUES(201,4,5,'2010-07-13');
INSERT INTO orders(id,product_id,client_id,order_date) VALUES(202,3,3,'2010-07-12');
INSERT INTO orders(id,product_id,client_id,order_date) VALUES(203,2,4,'2010-07-19');
INSERT INTO orders(id,product_id,client_id,order_date) VALUES(204,3,5,'2010-07-14');
INSERT INTO orders(id,product_id,client_id,order_date) VALUES(205,3,3,'2010-07-18');
INSERT INTO orders(id,product_id,client_id,order_date) VALUES(206,3,2,'2010-07-05');
INSERT INTO orders(id,product_id,client_id,order_date) VALUES(207,4,3,'2010-07-01');
INSERT INTO orders(id,product_id,client_id,order_date) VALUES(208,2,6,'2010-07-02');
INSERT INTO orders(id,product_id,client_id,order_date) VALUES(209,1,4,'2010-07-01');
INSERT INTO orders(id,product_id,client_id,order_date) VALUES(210,4,10,'2010-07-14');
INSERT INTO orders(id,product_id,client_id,order_date) VALUES(211,3,8,'2010-07-05');
INSERT INTO orders(id,product_id,client_id,order_date) VALUES(212,3,4,'2010-07-07');
INSERT INTO orders(id,product_id,client_id,order_date) VALUES(213,1,4,'2010-07-18');
INSERT INTO orders(id,product_id,client_id,order_date) VALUES(214,1,6,'2010-07-02');
INSERT INTO orders(id,product_id,client_id,order_date) VALUES(215,4,5,'2010-07-07');
INSERT INTO orders(id,product_id,client_id,order_date) VALUES(216,3,1,'2010-07-12');
INSERT INTO orders(id,product_id,client_id,order_date) VALUES(217,4,2,'2010-07-02');
INSERT INTO orders(id,product_id,client_id,order_date) VALUES(218,4,4,'2010-07-18');
INSERT INTO orders(id,product_id,client_id,order_date) VALUES(219,3,1,'2010-07-17');
INSERT INTO orders(id,product_id,client_id,order_date) VALUES(220,3,5,'2010-07-02');
INSERT INTO orders(id,product_id,client_id,order_date) VALUES(221,3,9,'2010-07-06');
INSERT INTO orders(id,product_id,client_id,order_date) VALUES(222,3,8,'2010-07-05');
INSERT INTO orders(id,product_id,client_id,order_date) VALUES(223,3,8,'2010-07-12');
INSERT INTO orders(id,product_id,client_id,order_date) VALUES(224,4,4,'2010-07-19');
INSERT INTO orders(id,product_id,client_id,order_date) VALUES(225,1,9,'2010-07-09');
INSERT INTO orders(id,product_id,client_id,order_date) VALUES(226,2,9,'2010-07-20');
INSERT INTO orders(id,product_id,client_id,order_date) VALUES(227,3,3,'2010-07-07');
INSERT INTO orders(id,product_id,client_id,order_date) VALUES(228,1,4,'2010-07-16');
INSERT INTO orders(id,product_id,client_id,order_date) VALUES(229,1,4,'2010-07-20');
INSERT INTO orders(id,product_id,client_id,order_date) VALUES(230,3,1,'2010-07-14');
INSERT INTO orders(id,product_id,client_id,order_date) VALUES(231,4,9,'2010-07-06');
INSERT INTO orders(id,product_id,client_id,order_date) VALUES(232,3,8,'2010-07-12');
INSERT INTO orders(id,product_id,client_id,order_date) VALUES(233,3,10,'2010-07-12');
INSERT INTO orders(id,product_id,client_id,order_date) VALUES(234,2,6,'2010-07-08');
INSERT INTO orders(id,product_id,client_id,order_date) VALUES(235,1,2,'2010-07-07');
INSERT INTO orders(id,product_id,client_id,order_date) VALUES(236,1,8,'2010-07-13');
INSERT INTO orders(id,product_id,client_id,order_date) VALUES(237,4,6,'2010-07-03');
INSERT INTO orders(id,product_id,client_id,order_date) VALUES(238,4,10,'2010-07-11');
INSERT INTO orders(id,product_id,client_id,order_date) VALUES(239,4,9,'2010-07-03');
INSERT INTO orders(id,product_id,client_id,order_date) VALUES(240,4,9,'2010-07-20');
INSERT INTO orders(id,product_id,client_id,order_date) VALUES(241,4,9,'2010-07-04');
INSERT INTO orders(id,product_id,client_id,order_date) VALUES(242,3,2,'2010-07-11');
INSERT INTO orders(id,product_id,client_id,order_date) VALUES(243,2,10,'2010-07-04');
INSERT INTO orders(id,product_id,client_id,order_date) VALUES(244,3,1,'2010-07-02');
INSERT INTO orders(id,product_id,client_id,order_date) VALUES(245,4,5,'2010-07-17');
INSERT INTO orders(id,product_id,client_id,order_date) VALUES(246,3,1,'2010-07-04');
INSERT INTO orders(id,product_id,client_id,order_date) VALUES(247,2,7,'2010-07-16');
INSERT INTO orders(id,product_id,client_id,order_date) VALUES(248,1,6,'2010-07-03');
INSERT INTO orders(id,product_id,client_id,order_date) VALUES(249,2,3,'2010-07-02');
INSERT INTO orders(id,product_id,client_id,order_date) VALUES(250,3,9,'2010-07-08');
INSERT INTO orders(id,product_id,client_id,order_date) VALUES(251,3,4,'2010-07-08');
INSERT INTO orders(id,product_id,client_id,order_date) VALUES(252,2,9,'2010-07-07');
INSERT INTO orders(id,product_id,client_id,order_date) VALUES(253,3,1,'2010-07-01');
INSERT INTO orders(id,product_id,client_id,order_date) VALUES(254,1,3,'2010-07-12');
INSERT INTO orders(id,product_id,client_id,order_date) VALUES(255,4,10,'2010-07-06');
INSERT INTO orders(id,product_id,client_id,order_date) VALUES(256,3,1,'2010-07-09');
INSERT INTO orders(id,product_id,client_id,order_date) VALUES(257,3,5,'2010-07-20');
INSERT INTO orders(id,product_id,client_id,order_date) VALUES(258,4,6,'2010-07-04');
INSERT INTO orders(id,product_id,client_id,order_date) VALUES(259,2,5,'2010-07-08');
INSERT INTO orders(id,product_id,client_id,order_date) VALUES(260,2,10,'2010-07-07');
INSERT INTO orders(id,product_id,client_id,order_date) VALUES(261,4,7,'2010-07-11');
INSERT INTO orders(id,product_id,client_id,order_date) VALUES(262,2,6,'2010-07-14');
INSERT INTO orders(id,product_id,client_id,order_date) VALUES(263,1,1,'2010-07-09');
INSERT INTO orders(id,product_id,client_id,order_date) VALUES(264,3,6,'2010-07-04');
INSERT INTO orders(id,product_id,client_id,order_date) VALUES(265,4,8,'2010-07-04');
INSERT INTO orders(id,product_id,client_id,order_date) VALUES(266,3,9,'2010-07-15');
INSERT INTO orders(id,product_id,client_id,order_date) VALUES(267,3,8,'2010-07-18');
INSERT INTO orders(id,product_id,client_id,order_date) VALUES(268,1,8,'2010-07-04');
INSERT INTO orders(id,product_id,client_id,order_date) VALUES(269,3,6,'2010-07-05');
INSERT INTO orders(id,product_id,client_id,order_date) VALUES(270,2,2,'2010-07-13');
INSERT INTO orders(id,product_id,client_id,order_date) VALUES(271,1,10,'2010-07-20');
INSERT INTO orders(id,product_id,client_id,order_date) VALUES(272,3,7,'2010-07-01');
INSERT INTO orders(id,product_id,client_id,order_date) VALUES(273,2,6,'2010-07-14');
INSERT INTO orders(id,product_id,client_id,order_date) VALUES(274,1,1,'2010-07-14');
INSERT INTO orders(id,product_id,client_id,order_date) VALUES(275,3,9,'2010-07-09');
INSERT INTO orders(id,product_id,client_id,order_date) VALUES(276,2,9,'2010-07-04');
INSERT INTO orders(id,product_id,client_id,order_date) VALUES(277,3,4,'2010-07-03');
INSERT INTO orders(id,product_id,client_id,order_date) VALUES(278,2,9,'2010-07-05');
INSERT INTO orders(id,product_id,client_id,order_date) VALUES(279,1,10,'2010-07-10');
INSERT INTO orders(id,product_id,client_id,order_date) VALUES(280,4,8,'2010-07-19');
INSERT INTO orders(id,product_id,client_id,order_date) VALUES(281,1,2,'2010-07-01');
INSERT INTO orders(id,product_id,client_id,order_date) VALUES(282,1,8,'2010-07-06');
INSERT INTO orders(id,product_id,client_id,order_date) VALUES(283,1,2,'2010-07-07');
INSERT INTO orders(id,product_id,client_id,order_date) VALUES(284,4,6,'2010-07-19');
INSERT INTO orders(id,product_id,client_id,order_date) VALUES(285,2,6,'2010-07-13');
INSERT INTO orders(id,product_id,client_id,order_date) VALUES(286,4,7,'2010-07-04');
INSERT INTO orders(id,product_id,client_id,order_date) VALUES(287,2,2,'2010-07-05');
INSERT INTO orders(id,product_id,client_id,order_date) VALUES(288,3,1,'2010-07-15');
INSERT INTO orders(id,product_id,client_id,order_date) VALUES(289,3,10,'2010-07-01');
INSERT INTO orders(id,product_id,client_id,order_date) VALUES(290,3,2,'2010-07-04');
INSERT INTO orders(id,product_id,client_id,order_date) VALUES(291,3,5,'2010-07-05');
INSERT INTO orders(id,product_id,client_id,order_date) VALUES(292,1,5,'2010-07-11');
INSERT INTO orders(id,product_id,client_id,order_date) VALUES(293,1,2,'2010-07-04');
INSERT INTO orders(id,product_id,client_id,order_date) VALUES(294,3,9,'2010-07-03');
INSERT INTO orders(id,product_id,client_id,order_date) VALUES(295,3,7,'2010-07-13');
INSERT INTO orders(id,product_id,client_id,order_date) VALUES(296,2,10,'2010-07-15');
INSERT INTO orders(id,product_id,client_id,order_date) VALUES(297,3,10,'2010-07-20');
INSERT INTO orders(id,product_id,client_id,order_date) VALUES(298,3,10,'2010-07-12');
INSERT INTO orders(id,product_id,client_id,order_date) VALUES(299,2,4,'2010-07-05');
INSERT INTO orders(id,product_id,client_id,order_date) VALUES(300,2,8,'2010-07-11');
INSERT INTO orders(id,product_id,client_id,order_date) VALUES(301,3,7,'2010-07-11');
INSERT INTO orders(id,product_id,client_id,order_date) VALUES(302,2,1,'2010-07-19');
INSERT INTO orders(id,product_id,client_id,order_date) VALUES(303,2,6,'2010-07-16');
INSERT INTO orders(id,product_id,client_id,order_date) VALUES(304,1,5,'2010-07-20');
INSERT INTO orders(id,product_id,client_id,order_date) VALUES(305,2,5,'2010-07-16');
INSERT INTO orders(id,product_id,client_id,order_date) VALUES(306,1,7,'2010-07-14');
INSERT INTO orders(id,product_id,client_id,order_date) VALUES(307,4,2,'2010-07-17');
INSERT INTO orders(id,product_id,client_id,order_date) VALUES(308,3,6,'2010-07-02');
INSERT INTO orders(id,product_id,client_id,order_date) VALUES(309,4,1,'2010-07-01');
INSERT INTO orders(id,product_id,client_id,order_date) VALUES(310,2,4,'2010-07-01');
INSERT INTO orders(id,product_id,client_id,order_date) VALUES(311,2,3,'2010-07-18');
INSERT INTO orders(id,product_id,client_id,order_date) VALUES(312,2,8,'2010-07-04');
INSERT INTO orders(id,product_id,client_id,order_date) VALUES(313,1,4,'2010-07-14');
INSERT INTO orders(id,product_id,client_id,order_date) VALUES(314,2,5,'2010-07-18');
INSERT INTO orders(id,product_id,client_id,order_date) VALUES(315,1,6,'2010-07-16');
INSERT INTO orders(id,product_id,client_id,order_date) VALUES(316,3,8,'2010-07-09');
INSERT INTO orders(id,product_id,client_id,order_date) VALUES(317,4,6,'2010-07-03');
INSERT INTO orders(id,product_id,client_id,order_date) VALUES(318,4,8,'2010-07-19');
INSERT INTO orders(id,product_id,client_id,order_date) VALUES(319,3,5,'2010-07-05');
INSERT INTO orders(id,product_id,client_id,order_date) VALUES(320,3,9,'2010-07-13');
INSERT INTO orders(id,product_id,client_id,order_date) VALUES(321,4,1,'2010-07-11');
INSERT INTO orders(id,product_id,client_id,order_date) VALUES(322,3,1,'2010-07-12');
INSERT INTO orders(id,product_id,client_id,order_date) VALUES(323,4,10,'2010-07-07');
INSERT INTO orders(id,product_id,client_id,order_date) VALUES(324,1,3,'2010-07-09');
INSERT INTO orders(id,product_id,client_id,order_date) VALUES(325,4,10,'2010-07-13');
INSERT INTO orders(id,product_id,client_id,order_date) VALUES(326,3,3,'2010-07-06');
INSERT INTO orders(id,product_id,client_id,order_date) VALUES(327,4,8,'2010-07-08');
INSERT INTO orders(id,product_id,client_id,order_date) VALUES(328,4,3,'2010-07-01');
INSERT INTO orders(id,product_id,client_id,order_date) VALUES(329,4,5,'2010-07-13');
INSERT INTO orders(id,product_id,client_id,order_date) VALUES(330,2,9,'2010-07-13');
INSERT INTO orders(id,product_id,client_id,order_date) VALUES(331,2,2,'2010-07-11');
INSERT INTO orders(id,product_id,client_id,order_date) VALUES(332,3,4,'2010-07-11');
INSERT INTO orders(id,product_id,client_id,order_date) VALUES(333,3,10,'2010-07-05');
INSERT INTO orders(id,product_id,client_id,order_date) VALUES(334,3,7,'2010-07-18');
INSERT INTO orders(id,product_id,client_id,order_date) VALUES(335,3,1,'2010-07-15');
INSERT INTO orders(id,product_id,client_id,order_date) VALUES(336,1,7,'2010-07-17');
INSERT INTO orders(id,product_id,client_id,order_date) VALUES(337,3,1,'2010-07-17');
INSERT INTO orders(id,product_id,client_id,order_date) VALUES(338,4,7,'2010-07-08');
INSERT INTO orders(id,product_id,client_id,order_date) VALUES(339,1,1,'2010-07-12');
INSERT INTO orders(id,product_id,client_id,order_date) VALUES(340,4,1,'2010-07-07');
INSERT INTO orders(id,product_id,client_id,order_date) VALUES(341,4,10,'2010-07-09');
INSERT INTO orders(id,product_id,client_id,order_date) VALUES(342,2,10,'2010-07-09');
INSERT INTO orders(id,product_id,client_id,order_date) VALUES(343,4,2,'2010-07-04');
INSERT INTO orders(id,product_id,client_id,order_date) VALUES(344,1,7,'2010-07-15');
INSERT INTO orders(id,product_id,client_id,order_date) VALUES(345,2,7,'2010-07-06');
INSERT INTO orders(id,product_id,client_id,order_date) VALUES(346,3,8,'2010-07-06');
INSERT INTO orders(id,product_id,client_id,order_date) VALUES(347,4,4,'2010-07-19');
INSERT INTO orders(id,product_id,client_id,order_date) VALUES(348,4,5,'2010-07-14');
INSERT INTO orders(id,product_id,client_id,order_date) VALUES(349,1,4,'2010-07-20');
INSERT INTO orders(id,product_id,client_id,order_date) VALUES(350,3,2,'2010-07-01');
INSERT INTO orders(id,product_id,client_id,order_date) VALUES(351,2,2,'2010-07-10');
INSERT INTO orders(id,product_id,client_id,order_date) VALUES(352,4,8,'2010-07-19');
INSERT INTO orders(id,product_id,client_id,order_date) VALUES(353,4,1,'2010-07-15');
INSERT INTO orders(id,product_id,client_id,order_date) VALUES(354,4,2,'2010-07-19');
INSERT INTO orders(id,product_id,client_id,order_date) VALUES(355,1,5,'2010-07-01');
INSERT INTO orders(id,product_id,client_id,order_date) VALUES(356,2,9,'2010-07-12');
INSERT INTO orders(id,product_id,client_id,order_date) VALUES(357,1,1,'2010-07-16');
INSERT INTO orders(id,product_id,client_id,order_date) VALUES(358,2,5,'2010-07-13');
INSERT INTO orders(id,product_id,client_id,order_date) VALUES(359,3,8,'2010-07-16');
INSERT INTO orders(id,product_id,client_id,order_date) VALUES(360,3,9,'2010-07-18');
INSERT INTO orders(id,product_id,client_id,order_date) VALUES(361,2,8,'2010-07-07');
INSERT INTO orders(id,product_id,client_id,order_date) VALUES(362,4,1,'2010-07-08');
INSERT INTO orders(id,product_id,client_id,order_date) VALUES(363,2,10,'2010-07-05');
INSERT INTO orders(id,product_id,client_id,order_date) VALUES(364,3,10,'2010-07-04');
INSERT INTO orders(id,product_id,client_id,order_date) VALUES(365,2,7,'2010-07-07');
INSERT INTO orders(id,product_id,client_id,order_date) VALUES(366,2,5,'2010-07-01');
INSERT INTO orders(id,product_id,client_id,order_date) VALUES(367,4,5,'2010-07-01');
INSERT INTO orders(id,product_id,client_id,order_date) VALUES(368,2,4,'2010-07-15');
INSERT INTO orders(id,product_id,client_id,order_date) VALUES(369,1,8,'2010-07-11');
INSERT INTO orders(id,product_id,client_id,order_date) VALUES(370,1,9,'2010-07-16');
INSERT INTO orders(id,product_id,client_id,order_date) VALUES(371,1,8,'2010-07-09');
INSERT INTO orders(id,product_id,client_id,order_date) VALUES(372,3,2,'2010-07-03');
INSERT INTO orders(id,product_id,client_id,order_date) VALUES(373,4,1,'2010-07-05');
INSERT INTO orders(id,product_id,client_id,order_date) VALUES(374,1,1,'2010-07-16');
INSERT INTO orders(id,product_id,client_id,order_date) VALUES(375,1,3,'2010-07-08');
INSERT INTO orders(id,product_id,client_id,order_date) VALUES(376,3,6,'2010-07-02');
INSERT INTO orders(id,product_id,client_id,order_date) VALUES(377,4,2,'2010-07-04');
INSERT INTO orders(id,product_id,client_id,order_date) VALUES(378,1,10,'2010-07-12');
INSERT INTO orders(id,product_id,client_id,order_date) VALUES(379,2,4,'2010-07-06');
INSERT INTO orders(id,product_id,client_id,order_date) VALUES(380,2,7,'2010-07-02');
INSERT INTO orders(id,product_id,client_id,order_date) VALUES(381,4,8,'2010-07-15');
INSERT INTO orders(id,product_id,client_id,order_date) VALUES(382,3,8,'2010-07-20');
INSERT INTO orders(id,product_id,client_id,order_date) VALUES(383,4,7,'2010-07-04');
INSERT INTO orders(id,product_id,client_id,order_date) VALUES(384,2,10,'2010-07-18');
INSERT INTO orders(id,product_id,client_id,order_date) VALUES(385,3,5,'2010-07-16');
INSERT INTO orders(id,product_id,client_id,order_date) VALUES(386,2,10,'2010-07-07');
INSERT INTO orders(id,product_id,client_id,order_date) VALUES(387,4,6,'2010-07-11');
INSERT INTO orders(id,product_id,client_id,order_date) VALUES(388,4,3,'2010-07-13');
INSERT INTO orders(id,product_id,client_id,order_date) VALUES(389,4,1,'2010-07-03');
INSERT INTO orders(id,product_id,client_id,order_date) VALUES(390,4,9,'2010-07-14');
INSERT INTO orders(id,product_id,client_id,order_date) VALUES(391,3,1,'2010-07-03');
INSERT INTO orders(id,product_id,client_id,order_date) VALUES(392,1,8,'2010-07-10');
INSERT INTO orders(id,product_id,client_id,order_date) VALUES(393,3,2,'2010-07-17');
INSERT INTO orders(id,product_id,client_id,order_date) VALUES(394,2,10,'2010-07-06');
INSERT INTO orders(id,product_id,client_id,order_date) VALUES(395,2,9,'2010-07-14');
INSERT INTO orders(id,product_id,client_id,order_date) VALUES(396,4,8,'2010-07-13');
INSERT INTO orders(id,product_id,client_id,order_date) VALUES(397,3,1,'2010-07-18');
INSERT INTO orders(id,product_id,client_id,order_date) VALUES(398,4,6,'2010-07-20');
INSERT INTO orders(id,product_id,client_id,order_date) VALUES(399,3,3,'2010-07-06');
INSERT INTO orders(id,product_id,client_id,order_date) VALUES(400,3,1,'2010-07-20');
INSERT INTO orders(id,product_id,client_id,order_date) VALUES(401,3,1,'2010-07-07');
INSERT INTO orders(id,product_id,client_id,order_date) VALUES(402,1,9,'2010-07-01');
INSERT INTO orders(id,product_id,client_id,order_date) VALUES(403,3,6,'2010-07-16');
INSERT INTO orders(id,product_id,client_id,order_date) VALUES(404,2,4,'2010-07-07');
INSERT INTO orders(id,product_id,client_id,order_date) VALUES(405,1,4,'2010-07-04');
INSERT INTO orders(id,product_id,client_id,order_date) VALUES(406,1,9,'2010-07-06');
INSERT INTO orders(id,product_id,client_id,order_date) VALUES(407,3,5,'2010-07-17');
INSERT INTO orders(id,product_id,client_id,order_date) VALUES(408,4,5,'2010-07-18');
INSERT INTO orders(id,product_id,client_id,order_date) VALUES(409,2,1,'2010-07-17');
INSERT INTO orders(id,product_id,client_id,order_date) VALUES(410,2,3,'2010-07-01');
INSERT INTO orders(id,product_id,client_id,order_date) VALUES(411,4,2,'2010-07-16');
INSERT INTO orders(id,product_id,client_id,order_date) VALUES(412,4,2,'2010-07-16');
INSERT INTO orders(id,product_id,client_id,order_date) VALUES(413,4,1,'2010-07-08');
INSERT INTO orders(id,product_id,client_id,order_date) VALUES(414,1,4,'2010-07-14');
INSERT INTO orders(id,product_id,client_id,order_date) VALUES(415,4,8,'2010-07-18');
INSERT INTO orders(id,product_id,client_id,order_date) VALUES(416,1,2,'2010-07-20');
INSERT INTO orders(id,product_id,client_id,order_date) VALUES(417,2,10,'2010-07-15');
INSERT INTO orders(id,product_id,client_id,order_date) VALUES(418,1,6,'2010-07-18');
INSERT INTO orders(id,product_id,client_id,order_date) VALUES(419,4,7,'2010-07-10');
INSERT INTO orders(id,product_id,client_id,order_date) VALUES(420,3,10,'2010-07-20');
INSERT INTO orders(id,product_id,client_id,order_date) VALUES(421,3,6,'2010-07-16');
INSERT INTO orders(id,product_id,client_id,order_date) VALUES(422,4,10,'2010-07-13');
INSERT INTO orders(id,product_id,client_id,order_date) VALUES(423,4,3,'2010-07-06');
INSERT INTO orders(id,product_id,client_id,order_date) VALUES(424,1,5,'2010-07-14');
INSERT INTO orders(id,product_id,client_id,order_date) VALUES(425,1,10,'2010-07-08');
INSERT INTO orders(id,product_id,client_id,order_date) VALUES(426,3,4,'2010-07-19');
INSERT INTO orders(id,product_id,client_id,order_date) VALUES(427,4,7,'2010-07-15');
INSERT INTO orders(id,product_id,client_id,order_date) VALUES(428,1,5,'2010-07-11');
INSERT INTO orders(id,product_id,client_id,order_date) VALUES(429,1,4,'2010-07-04');
INSERT INTO orders(id,product_id,client_id,order_date) VALUES(430,2,6,'2010-07-12');
INSERT INTO orders(id,product_id,client_id,order_date) VALUES(431,4,8,'2010-07-13');
INSERT INTO orders(id,product_id,client_id,order_date) VALUES(432,4,3,'2010-07-19');
INSERT INTO orders(id,product_id,client_id,order_date) VALUES(433,3,2,'2010-07-12');
INSERT INTO orders(id,product_id,client_id,order_date) VALUES(434,1,8,'2010-07-05');
INSERT INTO orders(id,product_id,client_id,order_date) VALUES(435,2,2,'2010-07-06');
INSERT INTO orders(id,product_id,client_id,order_date) VALUES(436,3,6,'2010-07-15');
INSERT INTO orders(id,product_id,client_id,order_date) VALUES(437,3,7,'2010-07-01');
INSERT INTO orders(id,product_id,client_id,order_date) VALUES(438,3,4,'2010-07-16');
INSERT INTO orders(id,product_id,client_id,order_date) VALUES(439,4,9,'2010-07-17');
INSERT INTO orders(id,product_id,client_id,order_date) VALUES(440,1,1,'2010-07-03');
INSERT INTO orders(id,product_id,client_id,order_date) VALUES(441,4,9,'2010-07-05');
INSERT INTO orders(id,product_id,client_id,order_date) VALUES(442,2,6,'2010-07-20');
INSERT INTO orders(id,product_id,client_id,order_date) VALUES(443,4,10,'2010-07-10');
INSERT INTO orders(id,product_id,client_id,order_date) VALUES(444,2,5,'2010-07-08');
INSERT INTO orders(id,product_id,client_id,order_date) VALUES(445,2,9,'2010-07-15');
INSERT INTO orders(id,product_id,client_id,order_date) VALUES(446,2,6,'2010-07-18');
INSERT INTO orders(id,product_id,client_id,order_date) VALUES(447,3,8,'2010-07-02');
INSERT INTO orders(id,product_id,client_id,order_date) VALUES(448,1,8,'2010-07-03');
INSERT INTO orders(id,product_id,client_id,order_date) VALUES(449,3,7,'2010-07-20');
INSERT INTO orders(id,product_id,client_id,order_date) VALUES(450,4,6,'2010-07-16');
INSERT INTO orders(id,product_id,client_id,order_date) VALUES(451,3,5,'2010-07-06');
INSERT INTO orders(id,product_id,client_id,order_date) VALUES(452,1,3,'2010-07-08');
INSERT INTO orders(id,product_id,client_id,order_date) VALUES(453,3,10,'2010-07-18');
INSERT INTO orders(id,product_id,client_id,order_date) VALUES(454,1,3,'2010-07-08');
INSERT INTO orders(id,product_id,client_id,order_date) VALUES(455,4,10,'2010-07-13');
INSERT INTO orders(id,product_id,client_id,order_date) VALUES(456,3,7,'2010-07-12');
INSERT INTO orders(id,product_id,client_id,order_date) VALUES(457,4,5,'2010-07-20');
INSERT INTO orders(id,product_id,client_id,order_date) VALUES(458,1,4,'2010-07-07');
INSERT INTO orders(id,product_id,client_id,order_date) VALUES(459,3,5,'2010-07-14');
INSERT INTO orders(id,product_id,client_id,order_date) VALUES(460,2,7,'2010-07-01');
INSERT INTO orders(id,product_id,client_id,order_date) VALUES(461,2,10,'2010-07-19');
INSERT INTO orders(id,product_id,client_id,order_date) VALUES(462,4,2,'2010-07-20');
INSERT INTO orders(id,product_id,client_id,order_date) VALUES(463,2,10,'2010-07-12');
INSERT INTO orders(id,product_id,client_id,order_date) VALUES(464,1,9,'2010-07-20');
INSERT INTO orders(id,product_id,client_id,order_date) VALUES(465,2,9,'2010-07-20');
INSERT INTO orders(id,product_id,client_id,order_date) VALUES(466,4,6,'2010-07-14');
INSERT INTO orders(id,product_id,client_id,order_date) VALUES(467,3,3,'2010-07-06');
INSERT INTO orders(id,product_id,client_id,order_date) VALUES(468,2,4,'2010-07-06');
INSERT INTO orders(id,product_id,client_id,order_date) VALUES(469,2,10,'2010-07-11');
INSERT INTO orders(id,product_id,client_id,order_date) VALUES(470,1,10,'2010-07-08');
INSERT INTO orders(id,product_id,client_id,order_date) VALUES(471,1,9,'2010-07-07');
INSERT INTO orders(id,product_id,client_id,order_date) VALUES(472,1,4,'2010-07-17');
INSERT INTO orders(id,product_id,client_id,order_date) VALUES(473,3,3,'2010-07-12');
INSERT INTO orders(id,product_id,client_id,order_date) VALUES(474,1,3,'2010-07-16');
INSERT INTO orders(id,product_id,client_id,order_date) VALUES(475,2,8,'2010-07-14');
INSERT INTO orders(id,product_id,client_id,order_date) VALUES(476,4,2,'2010-07-11');
INSERT INTO orders(id,product_id,client_id,order_date) VALUES(477,2,8,'2010-07-16');
INSERT INTO orders(id,product_id,client_id,order_date) VALUES(478,4,6,'2010-07-05');
INSERT INTO orders(id,product_id,client_id,order_date) VALUES(479,4,9,'2010-07-02');
INSERT INTO orders(id,product_id,client_id,order_date) VALUES(480,4,2,'2010-07-09');
INSERT INTO orders(id,product_id,client_id,order_date) VALUES(481,2,5,'2010-07-15');
INSERT INTO orders(id,product_id,client_id,order_date) VALUES(482,3,8,'2010-07-19');
INSERT INTO orders(id,product_id,client_id,order_date) VALUES(483,3,5,'2010-07-17');
INSERT INTO orders(id,product_id,client_id,order_date) VALUES(484,4,8,'2010-07-01');
INSERT INTO orders(id,product_id,client_id,order_date) VALUES(485,1,8,'2010-07-02');
INSERT INTO orders(id,product_id,client_id,order_date) VALUES(486,2,2,'2010-07-05');
INSERT INTO orders(id,product_id,client_id,order_date) VALUES(487,2,6,'2010-07-08');
INSERT INTO orders(id,product_id,client_id,order_date) VALUES(488,2,6,'2010-07-05');
INSERT INTO orders(id,product_id,client_id,order_date) VALUES(489,1,10,'2010-07-12');
INSERT INTO orders(id,product_id,client_id,order_date) VALUES(490,2,10,'2010-07-13');
INSERT INTO orders(id,product_id,client_id,order_date) VALUES(491,1,6,'2010-07-14');
INSERT INTO orders(id,product_id,client_id,order_date) VALUES(492,3,10,'2010-07-20');
INSERT INTO orders(id,product_id,client_id,order_date) VALUES(493,1,7,'2010-07-02');
INSERT INTO orders(id,product_id,client_id,order_date) VALUES(494,4,3,'2010-07-12');
INSERT INTO orders(id,product_id,client_id,order_date) VALUES(495,4,9,'2010-07-01');
INSERT INTO orders(id,product_id,client_id,order_date) VALUES(496,2,8,'2010-07-07');
INSERT INTO orders(id,product_id,client_id,order_date) VALUES(497,3,7,'2010-07-20');
INSERT INTO orders(id,product_id,client_id,order_date) VALUES(498,2,1,'2010-07-17');
INSERT INTO orders(id,product_id,client_id,order_date) VALUES(499,1,7,'2010-07-04');
INSERT INTO orders(id,product_id,client_id,order_date) VALUES(500,4,6,'2010-07-09');



